URL,Title,Content
https://learnpython.com/introduction,Introduction to Python,"Python is a versatile programming language used in web development, data science, AI, and more. It is known for its simple syntax and powerful libraries such as NumPy, Pandas, and TensorFlow. Many developers prefer Python for its community support and ease of learning."
https://learnpython.com/basics,Python Basics,"The basics of Python include variables, loops, conditional statements, and functions. Python is an interpreted language, which means you can write and execute code interactively. Its flexibility makes it suitable for prototyping and production-level code."
https://aiworld.com/artificial-intelligence,What is Artificial Intelligence?,"Artificial Intelligence (AI) refers to the simulation of human intelligence in computers. It involves tasks such as natural language processing, computer vision, and decision-making. AI has applications in healthcare, finance, and autonomous vehicles."
https://aiworld.com/machine-learning,Understanding Machine Learning,"Machine Learning (ML) is a subset of AI that enables computers to learn patterns from data. ML algorithms include supervised learning, unsupervised learning, and reinforcement learning. Popular tools for ML include Scikit-learn, PyTorch, and Keras."
https://datasciencehub.com/overview,What is Data Science?,"Data Science combines statistics, programming, and domain expertise to analyze and extract insights from data. Key skills for data scientists include data visualization, SQL, and machine learning. It is widely used in business analytics, research, and decision-making."
https://datasciencehub.com/tools,Top Data Science Tools,"Popular tools in data science include Jupyter Notebooks, R, and Tableau. Python libraries like Pandas, Matplotlib, and Seaborn are essential for data manipulation and visualization. Cloud platforms like AWS and Google Cloud are often used for big data analysis."
https://webdevworld.com/html-css,HTML and CSS Basics,"HTML (HyperText Markup Language) is the standard for structuring web pages, while CSS (Cascading Style Sheets) is used to style them. Together, they form the backbone of web development. They are essential for creating visually appealing and responsive websites."
https://webdevworld.com/javascript,Introduction to JavaScript,"JavaScript is a programming language used to add interactivity to web pages. It powers features like animations, form validation, and dynamic content updates. Popular JavaScript frameworks include React, Angular, and Vue.js."
https://blockchaininsights.com/technology,Understanding Blockchain Technology,"Blockchain is a decentralized ledger technology that powers cryptocurrencies like Bitcoin. It ensures transparency, security, and immutability of data. Blockchain has applications in supply chain, finance, and healthcare."
https://blockchaininsights.com/cryptocurrencies,Cryptocurrencies Explained,"Cryptocurrencies are digital currencies built on blockchain technology. Examples include Bitcoin, Ethereum, and Litecoin. They use cryptographic techniques to secure transactions and enable peer-to-peer transfers."
https://techhistory.com/internet,History of the Internet,"The internet started as ARPANET, a US military project in the 1960s. It evolved into a global network, enabling instant communication and access to information. Key milestones include the invention of the World Wide Web and the rise of mobile internet."
https://techhistory.com/ai,History of Artificial Intelligence,"The history of AI dates back to the 1950s with early work on machine learning and neural networks. The field has progressed through several waves of innovation, including expert systems, deep learning, and modern-day AI applications in industry and academia."
