Source,Target
https://learnpython.com/introduction,https://learnpython.com/basics
https://learnpython.com/introduction,https://datasciencehub.com/overview
https://learnpython.com/basics,https://datasciencehub.com/statistics
https://aiworld.com/artificial-intelligence,https://aiworld.com/machine-learning
https://aiworld.com/machine-learning,https://datasciencehub.com/tools
https://datasciencehub.com/overview,https://datasciencehub.com/tools
https://datasciencehub.com/tools,https://datasciencehub.com/statistics
https://datasciencehub.com/big-data,https://datasciencehub.com/deep-learning
https://datasciencehub.com/big-data,https://datasciencehub.com/time-series-analysis
https://datasciencehub.com/deep-learning,https://aiworld.com/natural-language-processing
https://aiworld.com/natural-language-processing,https://blockchaininsights.com/nft
https://blockchaininsights.com/technology,https://blockchaininsights.com/cryptocurrencies
https://blockchaininsights.com/cryptocurrencies,https://blockchaininsights.com/ethereum
https://blockchaininsights.com/nft,https://blockchaininsights.com/ethereum
https://cybersecurityworld.com/basics,https://cybersecurityworld.com/threats
https://cybersecurityworld.com/threats,https://cybersecurityworld.com/blockchain-security
https://datasciencehub.com/machine-learning-algorithms,https://datasciencehub.com/statistics
https://datasciencehub.com/statistics,https://datasciencehub.com/overview
https://techhistory.com/internet,https://techhistory.com/mobile-internet
https://techhistory.com/mobile-internet,https://techhistory.com/cloud-computing
https://techhistory.com/ai,https://datasciencehub.com/deep-learning
https://webdevworld.com/html-css,https://webdevworld.com/javascript
https://webdevworld.com/javascript,https://webdevworld.com/responsive-design
https://webdevworld.com/responsive-design,https://datasciencehub.com/visualization
https://learnpython.com/intermediate,https://learnpython.com/basics
https://learnpython.com/basics,https://datasciencehub.com/overview
https://aiworld.com/machine-learning,https://datasciencehub.com/deep-learning
https://datasciencehub.com/time-series-analysis,https://datasciencehub.com/statistics
https://blockchaininsights.com/ethereum,https://datasciencehub.com/tools
https://webdevworld.com/responsive-design,https://datasciencehub.com/big-data
